title,link,description,bloggername,bloggerlink,postdate
초임계RTG <b>오메가3</b> 먹는 방법 및 후기,https://blog.naver.com/abr0402/224180401453,&quot;3. 제품 선택 시 고려했던 사항들&quot; 초창기에는 초임계RTG <b>오메가3</b>로 유명한 제품이면 만족스럽지 않을까 여겼어요. 그러나 조사하면 할수록 식물성 <b>오메가3</b>는 다양한 요소들을 비교해야 한다는 것을 깨닫게... ,GO,blog.naver.com/abr0402,20260211
<b>오메가3</b> 효능 부작용 <b>오메가3</b>효능 없다 기준 체크,https://blog.naver.com/avsurfer/224171476231,<b>오메가3</b>를 먹으면서 한 번쯤은 이런 생각이 들었어요. “이거 정말 효과 있는 거 맞아?” 몇 달을 먹어도 눈에 띄는 변화가 없으면 괜히 의심부터 들더라고요. 그래서 저도 <b>오메가3</b> 효능이 없다고 느꼈던 경험이... ,오디오 앤 뮤직 세렌디피티,blog.naver.com/avsurfer,20260204
초임계알티지<b>오메가3</b> 복용방법 용량 비교 후기,https://blog.naver.com/note377/224180397304,3. 제품을 선택할 때의 구체적인 기준 초임계알티지<b>오메가3</b>를 고를 때는 인기 순위보다 성분표를 중심으로 비교했습니다. 특히 숫자와 공정 정보가 명확한지를 우선적으로 살폈습니다. ㄱ. 하이퍼셀 기술 적용... ,이것저것 해보는 블로그,blog.naver.com/note377,20260211
알티지 <b>오메가3</b> 초임계 식물성 용량 및 복용법,https://blog.naver.com/jasonmoondistri/224177725016,<b>오메가3</b>를 다시 고르게 된 결정적 이유 저는 <b>오메가3</b>를 꽤 오래 챙겨왔지만 뭔가 확실한 느낌이 없다 보니 “이건 그냥 꾸준히 먹는 영양제라 그런가 보다” 하고 지나쳤던 사람이었어요. 그러다 어느... ,"꾸준한 한걸음, 오늘보다 나은 내일을 기대합니다.",blog.naver.com/jasonmoondistri,20260210
<b>오메가3</b> 고르는법 뉴트리코어 <b>오메가3</b> 추천,https://blog.naver.com/king3799/224181011806,"3. <b>오메가3</b>는 얼마나 ‘깨끗하냐’가 관건이었다 예전에는 단순히 함량만 봤는데, 지금은 어떻게 만들어졌는지가 더 중요해졌어요. 열로 가공된 제품은 산패가 빠르다고 해서 요즘은 저온 추출 방식을 더 신경... ",싱글벙글 소리 Story,blog.naver.com/king3799,20260212
<b>오메가3</b> 고르는법 뉴로랩스 <b>오메가3</b> 추천,https://blog.naver.com/tmvlem5070/224169422091,"#<b>오메가3</b>고르는법 #뉴로랩스<b>오메가3</b> #<b>오메가3</b>추천 본 내용은 특정 질환 및 치료 예방을 위한 의약품 정보가 아니며, 건강한 생활을 위한 일반적인 건강기능식품 정보입니다. <b>오메가3</b>를 처음 고를 때는솔직히... ",그래도 해야지 어떻게 해,blog.naver.com/tmvlem5070,20260203
알티지<b>오메가3</b>분석 효과 흡수율 비교하기,https://blog.naver.com/m_l_93/224179524318,3. 알티지<b>오메가3</b>분석에서 잡아둔 체크 기준 처음에는 사실 인지도가 높은 쪽만 보고 고르려 했습니다. 노출이 많은 제품이면 당연히 괜찮을 거라고 생각했거든요. 그런데 비교를 해보니 가격 차이는 큰데 구성... ,메롱 같은 블로그,blog.naver.com/m_l_93,20260211
식물성 <b>오메가3</b>추천 약국 RTG 비교 추천 정리,https://blog.naver.com/wandookong2/224180476931,멀어졌던 <b>오메가3</b>를 다시 보게 된 계기 2. rTG 구조와 식물성 선택 이유 3. 4주 섭취 후 느낀 변화 기록 4. 제품을 고를 때 체크한 기준 5. 복용 타이밍과 위 부담에 대한 경험 1. 멀어졌던 <b>오메가3</b>를 다시 보게 된... ,완두콩맘 공식블로그,blog.naver.com/wandookong2,20260212
약국 <b>오메가3</b>추천 및 순도 80% (ft. 하루틴 <b>오메가3</b>),https://blog.naver.com/simjaetaro7/224168594549,<b>오메가3</b>는 다음과 같은 방향에서 많이 언급되고 있더라고요. 1) 혈중 중성지질 흐름 정리에 도움 2) 전반적인 혈액 순환 관리 3) 혈관 내부 염증 완화 방향 4) 혈관 내피 보호 역할 5) 혈관 탄력 유지에 참고되는... ,귤옹이의 ㅇ 아루,blog.naver.com/simjaetaro7,20260202
약국 <b>오메가3</b> 추천 비교 선택 이유,https://blog.naver.com/mallangjuice/224179451962,3. <b>오메가3</b> 유형 차이 알고 나서 이해한 이유 그러다 우연히 <b>오메가3</b> 관련 정보를 찾아보면서 <b>오메가3</b>도 형태가 다르다는 걸 처음 알게 됐는데요. <b>오메가3</b>는 크게 세 가지로 나뉜다고 합니다. ✅ EE형 저가... ,마마말랑의 뷰티 패션 블로그,blog.naver.com/mallangjuice,20260211
알티지<b>오메가3</b> 가격 분석 및 추천 후기,https://blog.naver.com/3_taste/224161987717,알티지<b>오메가3</b> 가격 분석 및 추천 후기 알티지<b>오메가3</b> 가격 분석 및 추천 후기 알티지<b>오메가3</b> 가격 분석 및 추천 후기 안녕하세요 요즘 들어 전반적인 컨디션이 눈에 띄게 떨어졌다는 생각이 들었어요. 충분히... ,마블 일상탈출,blog.naver.com/3_taste,20260128
<b>오메가3</b> 고르는법 비교 오전vs오후 복용 효과 후기,https://blog.naver.com/smekdbs/224163385182,"3. <b>오메가3</b> 고를 때 꼭 확인한 6가지 기준 워낙 다양한 제품이 쏟아지다 보니, 처음엔 뭐가 중요한지도 몰랐는데 여러 자료와 후기를 참고하면서 저만의 선택 기준 6가지를 세웠어요. ① 하이퍼셀 공법 적용 여부... ",벨라킹,blog.naver.com/smekdbs,20260129
"식물성 <b>오메가3</b> 후기 뉴로랩스 ( 초임계, 알티지 )",https://blog.naver.com/ljshhj/224149135480,튀긴 음식 줄이고 삼겹살 먹는 횟수 줄이고 야식 거의 끊고 일주일에 3~4번은 걷기 운동 체중은 조금... 솔직히 고백하자면 <b>오메가3</b>는 예전에 이미 포기했던 영양제다. 비린 트림이 올라오고 속이 더부룩해지고... ,떠나자닷컴,blog.naver.com/ljshhj,20260116
식물성 RTG <b>오메가3</b> 뉴로랩스 <b>오메가3</b> 추천,https://blog.naver.com/q1640/224152047461,"<b>오메가3</b> 이야기를 꺼내면, 사람들 반응이 거의 비슷합니다. 그거 좋다던데요? 안 먹는 것보단 낫겠죠?... 그때부터 <b>오메가3</b>를 유행템이 아니라 관리 개념으로 다시 보기 시작했습니다. 처음에 제가 했던... ",워나맘네,blog.naver.com/q1640,20260119
알티지<b>오메가3</b>분석 흡수율 비교 후기,https://blog.naver.com/jeongjuhyunj/224177669017,알티지<b>오메가3</b>분석 흡수율 비교 후기 알티지<b>오메가3</b>분석 흡수율 비교 후기 알티지<b>오메가3</b>분석 흡수율 비교 후기 알티지<b>오메가3</b>분석 흡수율 비교 후기 알티지<b>오메가3</b>분석 _ 관심이 생긴 생활 속 신호 안녕하세요... ,나는 성공한다.,blog.naver.com/jeongjuhyunj,20260209
식물성 RTG <b>오메가3</b> 추천 고르는법 정리!,https://blog.naver.com/wansojun/224166581895,"식물성 <b>오메가3</b>를 지속적으로 섭취해보니, 제가 느끼기에는 대체로 매우 만족스러운 경험이었습니다. 처음에는 사실 비슷할 거라고 생각했는데, 원심분리기를 이용한 추출 방식으로 얻은 rTG 오메가는 넘김성이... ",준또의 오늘 하루,blog.naver.com/wansojun,20260131
<b>오메가3</b> 효능 및 최고순도 <b>오메가3</b> ( 뉴로랩스 ),https://blog.naver.com/saker000/224182758998,<b>오메가3</b> 효능 및 최고순도 <b>오메가3</b> ( 뉴로랩스 ) <b>오메가3</b> 효능 및 최고순도 <b>오메가3</b> ( 뉴로랩스 ) <b>오메가3</b> 효능 및 최고순도 <b>오메가3</b> ( 뉴로랩스 ) 요즘 들어 몸이 예전 같지 않다는 걸 하루하루 더 느끼고 있어요.... ,saker000님의 블로그,blog.naver.com/saker000,20260213
알티지 <b>오메가3</b> 가격 및 뉴로랩스 제품 추천,https://blog.naver.com/avsurfer/224165668189,"&quot; <b>오메가3</b>는 내 건강 관리 루틴에서는 사실 꽤 오래전부터 껴 있었어요. 근데 정작 이름만 대면 <b>오메가3</b> 먹고 있다 정도였지, 어떤 제품을 왜 선택했는지는 제대로 말하기 어려운 수준이었죠. 그냥 <b>오메가3</b>는... ",오디오 앤 뮤직 세렌디피티,blog.naver.com/avsurfer,20260130
<b>오메가3</b> 식물성 vs 동물성 차이 및 체크할 부분 ( 순도85% ),https://blog.naver.com/rmagml1203/224181654667,<b>오메가3</b> 식물성 vs 동물성 차이 및 체크할 부분 ( 순도85% ) <b>오메가3</b> 식물성 vs 동물성 차이 및 체크할 부분 ( 순도85% ) <b>오메가3</b> 식물성 vs 동물성 차이 및 체크할 부분 ( 순도85% ) 본 내용은 특정 질환 및 치료 예방을... ,홍수미,blog.naver.com/rmagml1203,20260212
약국 <b>오메가3</b> 추천 순도 확인하고 <b>오메가3</b> 고르기,https://blog.naver.com/m_l_93/224172015129,“혈관 순환이 원활하지 않기 시작하면 몸 전반의 리듬도 서서히 둔해지기 마련입니다.” 약국 <b>오메가3</b>... 그래서 오늘은 제가 직접 겪었던 변화와 <b>오메가3</b>를 비교·선택하게 된 과정을 차분하게 풀어보려... ,메롱 같은 블로그,blog.naver.com/m_l_93,20260204
